session_title,slug,session_id,begins_at,ends_at,place,vimeo_event_id,vimeo_video_id,caption_label,vtt_chars,text_chars,status,crawled_at
Opening Ceremony,opening-ceremony,,2026-04-19T07:45:00-07:00,2026-04-19T09:30:00-07:00,Hall H,5868812,1183236596,English (auto-generated),147520,86334,ok,2026-06-11T04:42:26.351283Z
"Academic Entrepreneurship: Getting Your Discovery to Patients, Part 1— Liftoff",academic-entrepreneurship-getting-your-discovery-to-patients-part-1-liftoff,,2026-04-18T08:00:00-07:00,2026-04-18T09:30:00-07:00,Room 11,5841925,1179384746,English (auto-generated),144932,81796,ok,2026-06-11T04:42:33.042558Z
Advances in Pre-Metastatic Niche Biology: From Pre-Clinical Insights to Clinical Opportunities,advances-in-pre-metastatic-niche-biology-from-pre-clinical-insights-to-clinical-,,2026-04-18T08:00:00-07:00,2026-04-18T09:30:00-07:00,Ballroom 20 AB,5841786,1179383818,English (auto-generated),132503,75642,ok,2026-06-11T04:42:40.549690Z
AI Revolution in Cancer Research,ai-revolution-in-cancer-research,,2026-04-20T08:00:00-07:00,2026-04-20T10:00:00-07:00,Hall H,5841871,1179383963,English (auto-generated),157109,93300,ok,2026-06-11T04:42:48.384103Z
CART Therapy: Transforming the Landscape of Adult and Pediatric Blood Cancers,cart-therapy-transforming-the-landscape-of-adult-and-pediatric-blood-cancers,,2026-04-18T08:00:00-07:00,2026-04-18T09:30:00-07:00,Ballroom 6 CF,5841837,1179383894,English (auto-generated),135980,80955,ok,2026-06-11T04:42:54.617961Z
Chemistry to the Clinic Part 1 of 4: The Next Generation of Conjugates. Innovative Chemistry and Beyond—Cytotoxic Payloads in Cancer Therapy,chemistry-to-the-clinic-part-1-of-4-the-next-generation-of-conjugates-innovative,,2026-04-18T08:00:00-07:00,2026-04-18T09:30:00-07:00,Ballroom 20 CD,5841799,1179383836,English (auto-generated),134133,76514,ok,2026-06-11T04:43:01.447921Z
Dose Optimization in Early-Phase Oncology Trials: Implementing the Vision of FDA’s Project Optimus,dose-optimization-in-early-phase-oncology-trials-implementing-the-vision-of-fdas,,2026-04-18T08:00:00-07:00,2026-04-18T09:30:00-07:00,Room 29,5841950,1179384956,English (auto-generated),120338,71577,ok,2026-06-11T04:43:06.416864Z
Early-Onset Cancers,early-onset-cancers,,2026-04-21T08:00:00-07:00,2026-04-21T10:00:00-07:00,Hall H,5841877,1179383975,English (auto-generated),176398,105785,ok,2026-06-11T04:43:11.162350Z
From Bench to Buzz: Making Your Research Resonate for More Funding and Attention,from-bench-to-buzz-making-your-research-resonate-for-more-funding-and-attention,,2026-04-18T08:00:00-07:00,2026-04-18T09:30:00-07:00,Room 5,5841897,1179384472,English (auto-generated),144034,80117,ok,2026-06-11T04:43:16.501428Z
Improving Cancer Outcomes by Shaping the Tumor Macroenvironment,improving-cancer-outcomes-by-shaping-the-tumor-macroenvironment,,2026-04-18T08:00:00-07:00,2026-04-18T09:30:00-07:00,Ballroom 6 B,5841830,1179383881,English (auto-generated),124054,69882,ok,2026-06-11T04:43:21.468148Z
Innovative Treatment Modalities: Shaping the Future of Oncology,innovative-treatment-modalities-shaping-the-future-of-oncology,,2026-04-22T08:00:00-07:00,2026-04-22T10:00:00-07:00,Ballroom 20,5841780,1179383811,English (auto-generated),157871,91182,ok,2026-06-11T04:43:27.512139Z
"Senescence in Cancer: Identifying, Measuring, and Targeting a Double-Edged Sword",senescence-in-cancer-identifying-measuring-and-targeting-a-double-edged-sword,,2026-04-18T08:00:00-07:00,2026-04-18T09:30:00-07:00,Room 30,5842038,1179385529,English (auto-generated),129800,76611,ok,2026-06-11T04:43:32.136958Z
Targeted Alpha- and Beta-Emitter Radiopharmaceuticals: Multidisciplinary Precision Radiation Medicine,targeted-alpha-and-beta-emitter-radiopharmaceuticals-multidisciplinary-precision,,2026-04-18T08:00:00-07:00,2026-04-18T09:30:00-07:00,Room 33,5841961,1179385057,English (auto-generated),143773,85960,ok,2026-06-11T04:43:36.964707Z
"The AACR Project GENIE® Data Model: A Foundation for Scalable, Structured Data Collection to Support the Precision Oncology Revolution",the-aacr-project-genie-data-model-a-foundation-for-scalable-structured-data-coll,,2026-04-18T08:00:00-07:00,2026-04-18T09:30:00-07:00,Room 31,5842011,1179385319,English (auto-generated),129085,73304,ok,2026-06-11T04:43:43.609088Z
"The Impact of Lifestyle, Diet, and the Microbiome on Cancer Onset and Spread",the-impact-of-lifestyle-diet-and-the-microbiome-on-cancer-onset-and-spread,,2026-04-18T08:00:00-07:00,2026-04-18T09:30:00-07:00,Ballroom 6 DE,5841850,1179383917,English (auto-generated),129403,70900,ok,2026-06-11T04:43:48.462339Z
Unraveling the Role of Extrachromosomal DNA in Cancer Evolution and Therapy Response,unraveling-the-role-of-extrachromosomal-dna-in-cancer-evolution-and-therapy-resp,,2026-04-18T08:00:00-07:00,2026-04-18T09:30:00-07:00,Ballroom 6 A,5841810,1179383853,English (auto-generated),135764,82575,ok,2026-06-11T04:43:54.595125Z
"Opening Plenary. Precision, Partnership, Purpose: Advancing Cancer Science to Save Lives Globally",opening-plenary-precision-partnership-purpose-advancing-cancer-science-to-save-l,,2026-04-19T09:30:00-07:00,2026-04-19T11:30:00-07:00,Hall H,5841865,1179383954,English (auto-generated),191188,114275,ok,2026-06-11T04:44:02.060966Z
AACR-Bayard D. Clarkson Symposium on Plasticity and Cancer Progression: Mechanisms and Consequences,aacr-bayard-d-clarkson-symposium-on-plasticity-and-cancer-progression-mechanisms,,2026-04-20T10:15:00-07:00,2026-04-20T11:45:00-07:00,Ballroom 6 CF,5841842,1179383902,English (auto-generated),126885,76030,ok,2026-06-11T04:44:08.966421Z
"Academic Entrepreneurship: Getting Your Discovery to Patients, Part 2— Preparing for a Perfect Landing",academic-entrepreneurship-getting-your-discovery-to-patients-part-2-preparing-fo,,2026-04-18T10:00:00-07:00,2026-04-18T11:30:00-07:00,Room 11,5842014,1179385330,English (auto-generated),140929,81800,ok,2026-06-11T04:44:18.015254Z
Addressing Cancer Mortality in Areas of Persistent Poverty,addressing-cancer-mortality-in-areas-of-persistent-poverty,,2026-04-20T10:15:00-07:00,2026-04-20T11:45:00-07:00,Room 5,5841946,1179384929,English (auto-generated),130219,75482,ok,2026-06-11T04:44:24.591872Z
Advances in Glioblastoma Research and Experimental Therapies,advances-in-glioblastoma-research-and-experimental-therapies,,2026-04-20T10:15:00-07:00,2026-04-20T11:45:00-07:00,Room 15,5841939,1179384862,English (auto-generated),138771,84402,ok,2026-06-11T04:44:32.257133Z
Advances in Immunotherapy,advances-in-immunotherapy,,2026-04-21T10:15:00-07:00,2026-04-21T12:15:00-07:00,Hall H,5841872,1179383965,English (auto-generated),163281,92452,ok,2026-06-11T04:44:39.803075Z
Advances in Minimal Residual Disease Detection via Circulating Tumor DNA,advances-in-minimal-residual-disease-detection-via-circulating-tumor-dna,,2026-04-22T10:15:00-07:00,2026-04-22T11:45:00-07:00,Ballroom 6 A,5841829,1179383880,English (auto-generated),137765,81458,ok,2026-06-11T04:44:47.604170Z
Advancing Patient-Centered Clinical Trials: Bringing Trials to Patients and Patients to Trials,advancing-patient-centered-clinical-trials-bringing-trials-to-patients-and-patie,,2026-04-18T10:00:00-07:00,2026-04-18T11:30:00-07:00,Room 1,5841874,1179383969,English (auto-generated),168031,98678,ok,2026-06-11T04:44:54.444062Z
Agentic AI as the Cancer Researcher: Autonomous Discovery in Oncology,agentic-ai-as-the-cancer-researcher-autonomous-discovery-in-oncology,,2026-04-21T10:15:00-07:00,2026-04-21T11:45:00-07:00,Ballroom 20 AB,5841793,1179383827,English (auto-generated),132110,77049,ok,2026-06-11T04:45:01.887189Z
Agentic AI as the Oncologist: Clinical Decision Support and Human-AI Collaboration,agentic-ai-as-the-oncologist-clinical-decision-support-and-human-ai-collaboratio,,2026-04-22T10:15:00-07:00,2026-04-22T11:45:00-07:00,Ballroom 6 B,5841839,1179383897,English (auto-generated),125787,72022,ok,2026-06-11T04:45:08.344026Z
Aneuploidy and Mutations in Normal Tissues and Their Role in Cancer Initiation and Cancer Risk,aneuploidy-and-mutations-in-normal-tissues-and-their-role-in-cancer-initiation-a,,2026-04-22T10:15:00-07:00,2026-04-22T11:45:00-07:00,Room 5,5841920,1179384724,English (auto-generated),139787,81913,ok,2026-06-11T04:45:15.113772Z
Bayesian and Model-Assisted Designs for Early-Phase Clinical Trials: Simplicity Meets Efficiency,bayesian-and-model-assisted-designs-for-early-phase-clinical-trials-simplicity-m,,2026-04-18T10:00:00-07:00,2026-04-18T11:30:00-07:00,Room 5,5841924,1179384745,English (auto-generated),128685,74178,ok,2026-06-11T04:45:21.871898Z
Beyond Sex: The Y Chromosome in Cancer,beyond-sex-the-y-chromosome-in-cancer,,2026-04-18T10:00:00-07:00,2026-04-18T11:30:00-07:00,Room 29,5841954,1179384987,English (auto-generated),130877,74293,ok,2026-06-11T04:45:28.374509Z
Biology and Therapeutic Targeting of HIF2a in Renal Cell Carcinoma,biology-and-therapeutic-targeting-of-hif2a-in-renal-cell-carcinoma,,2026-04-22T10:15:00-07:00,2026-04-22T11:45:00-07:00,Room 15,5841914,1179384636,English (auto-generated),133690,81545,ok,2026-06-11T04:45:38.189691Z
"Biology, Mechanisms, and Models of Cachexia",biology-mechanisms-and-models-of-cachexia,,2026-04-18T10:00:00-07:00,2026-04-18T11:30:00-07:00,Room 31,5841984,1179385154,English (auto-generated),119782,69250,ok,2026-06-11T04:45:45.738419Z
"Cancer Cachexia: Tumor Signals, Systemic Impact, and Translational Opportunities",cancer-cachexia-tumor-signals-systemic-impact-and-translational-opportunities,,2026-04-20T10:15:00-07:00,2026-04-20T11:45:00-07:00,Room 17,5841904,1179384558,English (auto-generated),149806,90389,ok,2026-06-11T04:45:52.615536Z
Cancer Detection and Interception Across Tumor Types: Addressing Modifiable Risk Factors for Early Action,cancer-detection-and-interception-across-tumor-types-addressing-modifiable-risk-,,2026-04-21T10:15:00-07:00,2026-04-21T11:45:00-07:00,Ballroom 6 A,5841815,1179383860,English (auto-generated),127771,73106,ok,2026-06-11T04:45:59.189298Z
Cellular Therapies and Complex Immunotherapies,cellular-therapies-and-complex-immunotherapies,,2026-04-20T10:15:00-07:00,2026-04-20T12:15:00-07:00,Hall H,5841870,1179383961,English (auto-generated),182085,108653,ok,2026-06-11T04:46:06.323976Z
Chemistry to the Clinic Part 2 of 4: Beyond Inhibition—The Next Frontier in Proximity-Inducing Therapies,chemistry-to-the-clinic-part-2-of-4-beyond-inhibitionthe-next-frontier-in-proxim,,2026-04-18T10:00:00-07:00,2026-04-18T11:30:00-07:00,Ballroom 20 CD,5841800,1179383838,English (auto-generated),138015,82516,ok,2026-06-11T04:46:12.843763Z
"Chromatin, Epigenetics, and Cancer: Dedicated to the Memory of James D. Watson",chromatin-epigenetics-and-cancer-dedicated-to-the-memory-of-james-d-watson,,2026-04-21T10:15:00-07:00,2026-04-21T11:45:00-07:00,Ballroom 6 DE,5841860,1179383943,English (auto-generated),122936,73527,ok,2026-06-11T04:46:19.206806Z
Clonal Hematopoiesis: Aging and Drivers of Blood Cancer and Solid Tumors,clonal-hematopoiesis-aging-and-drivers-of-blood-cancer-and-solid-tumors,,2026-04-20T10:15:00-07:00,2026-04-20T11:45:00-07:00,Room 30,5842036,1179385520,English (auto-generated),138985,81548,ok,2026-06-11T04:46:27.180783Z
Decoding Cancer’s Complex Ecosystem: The Pathology of Tumor Microenvironment and Heterogeneity,decoding-cancers-complex-ecosystem-the-pathology-of-tumor-microenvironment-and-h,,2026-04-20T10:15:00-07:00,2026-04-20T11:45:00-07:00,Ballroom 6 DE,5841857,1179383937,English (auto-generated),135525,79096,ok,2026-06-11T04:46:38.100460Z
Dharma Master Jiantai Advances in Lung Cancer Research Session: Small Cell Lung Cancers (SCLC) and Neuroendocrine Cancers (NECs),dharma-master-jiantai-advances-in-lung-cancer-research-session-small-cell-lung-c,,2026-04-21T10:15:00-07:00,2026-04-21T11:45:00-07:00,Ballroom 6 B,5841826,1179383874,English (auto-generated),135451,79354,ok,2026-06-11T04:46:48.534292Z
DNA Damage Response and Synthetic Lethality in Cancer,dna-damage-response-and-synthetic-lethality-in-cancer,,2026-04-20T10:15:00-07:00,2026-04-20T11:45:00-07:00,Room 31,5842035,1179385516,English (auto-generated),111531,63592,ok,2026-06-11T04:46:55.239726Z
Epistasis and Evolution: How Genetic Interactions Shape Cancer Trajectories,epistasis-and-evolution-how-genetic-interactions-shape-cancer-trajectories,,2026-04-18T10:00:00-07:00,2026-04-18T11:30:00-07:00,Room 33,5842006,1179385265,English (auto-generated),142405,83547,ok,2026-06-11T04:47:02.126190Z
Exploiting Cancer Evolution for Clinical Impact,exploiting-cancer-evolution-for-clinical-impact,,2026-04-20T10:15:00-07:00,2026-04-20T11:45:00-07:00,Room 28,5841891,1179384416,English (auto-generated),137995,83366,ok,2026-06-11T04:47:09.160166Z
From Data Commons to Knowledge Engine: AI Enablement Across CRDC and CCDI,from-data-commons-to-knowledge-engine-ai-enablement-across-crdc-and-ccdi,,2026-04-20T10:15:00-07:00,2026-04-20T11:15:00-07:00,Room 2,5842013,1179385328,English (auto-generated),90288,52651,ok,2026-06-11T04:47:16.525812Z
From Mechanisms to Real-World Evidence: The Emerging Role of GLP-1 Receptor Agonists in Cancer Prevention and Outcomes,from-mechanisms-to-real-world-evidence-the-emerging-role-of-glp-1-receptor-agoni,,2026-04-18T10:00:00-07:00,2026-04-18T11:30:00-07:00,Ballroom 6 B,5841822,1179383871,English (auto-generated),137125,79431,ok,2026-06-11T04:47:22.985649Z
Genetic and Environmental Determinants of Cancer,genetic-and-environmental-determinants-of-cancer,,2026-04-22T10:15:00-07:00,2026-04-22T11:45:00-07:00,Room 33,5841916,1179384671,English (auto-generated),136147,79533,ok,2026-06-11T04:47:29.179091Z
Harnessing the Power of the Immune System: Turning Cold Tumors Hot,harnessing-the-power-of-the-immune-system-turning-cold-tumors-hot,,2026-04-21T10:15:00-07:00,2026-04-21T11:45:00-07:00,Ballroom 6 CF,5841848,1179383914,English (auto-generated),127377,74260,ok,2026-06-11T04:47:36.317864Z
HPV Vaccination and Self-Sampling for Cervical Cancer Prevention and Early Detection Globally and in Underserved Settings,hpv-vaccination-and-self-sampling-for-cervical-cancer-prevention-and-early-detec,,2026-04-21T10:15:00-07:00,2026-04-21T11:45:00-07:00,Room 5,5841930,1179384785,English (auto-generated),132110,76775,ok,2026-06-11T04:47:42.830339Z
Immune-Genomic Mechanisms and Treatment of Peritoneal Metastases,immune-genomic-mechanisms-and-treatment-of-peritoneal-metastases,,2026-04-21T10:15:00-07:00,2026-04-21T11:45:00-07:00,Room 16,5841933,1179384789,English (auto-generated),126619,75194,ok,2026-06-11T04:47:52.958417Z
Immunometabolism in Cancer,immunometabolism-in-cancer,,2026-04-20T10:15:00-07:00,2026-04-20T11:45:00-07:00,Room 29,5841926,1179384747,English (auto-generated),141770,84873,ok,2026-06-11T04:47:59.582299Z
Induced Proximity Pharmacology: Degraders and Beyond,induced-proximity-pharmacology-degraders-and-beyond,,2026-04-22T10:15:00-07:00,2026-04-22T11:45:00-07:00,Ballroom 6 CF,5841855,1179383930,English (auto-generated),125320,73355,ok,2026-06-11T04:48:06.325704Z
Latest Advances in Translational Research from the 2025 San Antonio Breast Cancer Symposium,latest-advances-in-translational-research-from-the-2025-san-antonio-breast-cance,,2026-04-21T10:15:00-07:00,2026-04-21T11:40:00-07:00,Room 30,5841949,1179384954,English (auto-generated),122153,73680,ok,2026-06-11T04:48:13.171288Z
Mapping Neural-Immune Circuits: Spatial Multi-Omics in the Tumor Microenvironment,mapping-neural-immune-circuits-spatial-multi-omics-in-the-tumor-microenvironment,,2026-04-18T10:00:00-07:00,2026-04-18T11:30:00-07:00,Ballroom 6 CF,5841838,1179383895,English (auto-generated),158492,96153,ok,2026-06-11T04:48:28.549483Z
Metastatic Organotropism: Clues from Primary Tumors and Metastatic Niches,metastatic-organotropism-clues-from-primary-tumors-and-metastatic-niches,,2026-04-18T10:00:00-07:00,2026-04-18T11:30:00-07:00,Room 30,5841884,1179384363,English (auto-generated),128154,68773,ok,2026-06-11T04:48:35.492166Z
Minorities in Cancer Research Scientific Symposium: Ancestry-Informed Precision Oncology—Integrating Genomic Diversity into Cancer Prevention and Treatment,minorities-in-cancer-research-scientific-symposium-ancestry-informed-precision-o,,2026-04-21T10:15:00-07:00,2026-04-21T11:45:00-07:00,Room 15,5841970,1179385091,English (auto-generated),125093,74424,ok,2026-06-11T04:48:42.293957Z
Mitochondrial Transfer Networks in Cancer Progression,mitochondrial-transfer-networks-in-cancer-progression,,2026-04-21T10:15:00-07:00,2026-04-21T11:45:00-07:00,Room 14,5841942,1179384868,English (auto-generated),124688,66462,ok,2026-06-11T04:48:51.087483Z
NCI/NIH Consortia Initiative: Metabolic Dysregulation and Cancer Risk Program—A Transdisciplinary Approach to Obesity-Associated Cancers,ncinih-consortia-initiative-metabolic-dysregulation-and-cancer-risk-programa-tra,,2026-04-21T10:15:00-07:00,2026-04-21T11:15:00-07:00,Room 2,5842000,1179385221,English (auto-generated),92356,50886,ok,2026-06-11T04:48:59.858469Z
New Advances in Bispecific Antibody Development,new-advances-in-bispecific-antibody-development,,2026-04-21T10:15:00-07:00,2026-04-21T11:45:00-07:00,Ballroom 20 CD,5841817,1179383862,English (auto-generated),136411,80882,ok,2026-06-11T04:49:11.738323Z
New Drugs on the Horizon: Part 3,new-drugs-on-the-horizon-part-3,,2026-04-20T10:15:00-07:00,2026-04-20T11:45:00-07:00,Ballroom 20 CD,5841806,1179383847,English (auto-generated),117507,66442,ok,2026-06-11T04:49:18.625268Z
Next-Generation Radioligand Therapy,next-generation-radioligand-therapy,,2026-04-20T10:15:00-07:00,2026-04-20T11:45:00-07:00,Room 33,5841913,1179384635,English (auto-generated),153056,93707,ok,2026-06-11T04:49:26.130051Z
Optimizing Efficacy While Limiting Toxicity in Immunotherapy for Cancer Treatment,optimizing-efficacy-while-limiting-toxicity-in-immunotherapy-for-cancer-treatmen,,2026-04-22T10:15:00-07:00,2026-04-22T11:45:00-07:00,Room 28,5841934,1179384799,English (auto-generated),137980,81803,ok,2026-06-11T04:49:34.010659Z
Pediatric Brain Tumors: Biology to Therapy,pediatric-brain-tumors-biology-to-therapy,,2026-04-21T10:15:00-07:00,2026-04-21T11:45:00-07:00,Room 11,5842016,1179385342,English (auto-generated),129347,78808,ok,2026-06-11T04:49:42.979309Z
Precision for All: Harnessing Multi-omic Technologies to Eliminate Cancer Inequalities,precision-for-all-harnessing-multi-omic-technologies-to-eliminate-cancer-inequal,,2026-04-22T10:15:00-07:00,2026-04-22T11:45:00-07:00,Room 11,5841955,1179384999,English (auto-generated),132617,78456,ok,2026-06-11T04:49:49.748229Z
Precision Liver Cancer Care Across the Continuum: From Prevention to Therapy,precision-liver-cancer-care-across-the-continuum-from-prevention-to-therapy,,2026-04-20T10:15:00-07:00,2026-04-20T11:45:00-07:00,Room 16,5841909,1179384604,English (auto-generated),128030,75214,ok,2026-06-11T04:49:57.823925Z
Presidential Select Symposium. Targeting Stage 0: Precision-Based Prevention,presidential-select-symposium-targeting-stage-0-precision-based-prevention,,2026-04-20T10:15:00-07:00,2026-04-20T11:45:00-07:00,Ballroom 6 A,5841819,1179383865,English (auto-generated),133418,78069,ok,2026-06-11T04:50:05.682441Z
Radioligand Therapy: Immunity and Biological Mechanisms,radioligand-therapy-immunity-and-biological-mechanisms,,2026-04-22T10:15:00-07:00,2026-04-22T11:45:00-07:00,Room 16,5842003,1179385239,English (auto-generated),118152,69964,ok,2026-06-11T04:50:12.081068Z
Reframing Gynecologic Cancer Prevention: From STIC Discovery to Salpingectomy —Translating the Fallopian Tube Paradigm into Ovarian Cancer Prevention,reframing-gynecologic-cancer-prevention-from-stic-discovery-to-salpingectomy-tra,,2026-04-20T10:15:00-07:00,2026-04-20T11:45:00-07:00,Room 14,5841983,1179385153,English (auto-generated),134947,80534,ok,2026-06-11T04:50:19.143038Z
Role of the Intestinal Microbiome in CAR T-Cell Therapy,role-of-the-intestinal-microbiome-in-car-t-cell-therapy,,2026-04-20T10:15:00-07:00,2026-04-20T11:45:00-07:00,Ballroom 20 AB,5841783,1179383815,English (auto-generated),135914,82030,ok,2026-06-11T04:50:26.359668Z
"Silent Lesions, Dynamic Niches: Harnessing the Stroma to Prevent Cancer Initiation",silent-lesions-dynamic-niches-harnessing-the-stroma-to-prevent-cancer-initiation,,2026-04-22T10:15:00-07:00,2026-04-22T11:45:00-07:00,Ballroom 6 DE,5841866,1179383955,English (auto-generated),128654,77049,ok,2026-06-11T04:50:33.868537Z
Single Cell Multi-omic Technologies for Resolving Genotype-Phenotype Relationships in Cancer,single-cell-multi-omic-technologies-for-resolving-genotype-phenotype-relationshi,,2026-04-20T10:15:00-07:00,2026-04-20T11:45:00-07:00,Ballroom 6 B,5841823,1179383873,English (auto-generated),125014,76713,ok,2026-06-11T04:50:41.045506Z
"Small Patients, Big Problems: Precision Medicine Approaches for Childhood Cancer",small-patients-big-problems-precision-medicine-approaches-for-childhood-cancer,,2026-04-18T10:00:00-07:00,2026-04-18T11:30:00-07:00,Room 28,5841998,1184384543,English (auto-generated),138799,86114,ok,2026-06-11T04:50:50.537785Z
Strengthening the Oncology Trial Ecosystem Through Operational and Regulatory Innovation,strengthening-the-oncology-trial-ecosystem-through-operational-and-regulatory-in,,2026-04-20T10:15:00-07:00,2026-04-20T11:45:00-07:00,Room 1,5842027,1179385418,English (auto-generated),133472,76159,ok,2026-06-11T04:50:59.453507Z
Structural Insights to Cancer Biology and Therapy,structural-insights-to-cancer-biology-and-therapy,,2026-04-21T10:15:00-07:00,2026-04-21T11:45:00-07:00,Room 28,5841969,1179385094,English (auto-generated),110060,65694,ok,2026-06-11T04:51:06.691193Z
"Synthetic Lethality in Oncology: Progress Made, Pitfalls Encountered, and the Path Forward",synthetic-lethality-in-oncology-progress-made-pitfalls-encountered-and-the-path-,,2026-04-21T10:15:00-07:00,2026-04-21T11:45:00-07:00,Room 31,5841938,1179384859,English (auto-generated),126893,73620,ok,2026-06-11T04:51:13.744079Z
Targeted Therapy Frontiers in Microsatellite-Stable Metastatic Colorectal Cancer,targeted-therapy-frontiers-in-microsatellite-stable-metastatic-colorectal-cancer,,2026-04-22T10:15:00-07:00,2026-04-22T11:45:00-07:00,Room 31,5841899,1179384484,English (auto-generated),102761,59292,ok,2026-06-11T04:51:20.510948Z
The Role of mRNA Translation Reprogramming in Cancer,the-role-of-mrna-translation-reprogramming-in-cancer,,2026-04-22T10:15:00-07:00,2026-04-22T11:45:00-07:00,Room 30,5841979,1179385148,English (auto-generated),117096,66247,ok,2026-06-11T04:51:29.918521Z
Translating Epidemiology to the Clinic: Aspirin for the Prevention and Treatment of Colorectal Cancer—Dedicated to the Memory of Thomas W. Kensler,translating-epidemiology-to-the-clinic-aspirin-for-the-prevention-and-treatment-,,2026-04-21T10:15:00-07:00,2026-04-21T11:45:00-07:00,Room 33,5841879,1179384031,English (auto-generated),117467,65822,ok,2026-06-11T04:51:38.558073Z
Tumor Immunology For Non Immunologists: Back to Basics,tumor-immunology-for-non-immunologists-back-to-basics,,2026-04-18T10:00:00-07:00,2026-04-18T11:30:00-07:00,Ballroom 20 AB,5841787,1179383820,English (auto-generated),154035,92768,ok,2026-06-11T04:51:46.685844Z
Tumor-secreted Factors: The Next Hallmark of Cancer?,tumor-secreted-factors-the-next-hallmark-of-cancer,,2026-04-21T10:15:00-07:00,2026-04-21T11:45:00-07:00,Room 29,5841956,1179385002,English (auto-generated),111464,66519,ok,2026-06-11T04:51:56.432883Z
Understanding the Impact of Mechanobiology on Tumor Evolution,understanding-the-impact-of-mechanobiology-on-tumor-evolution,,2026-04-22T10:15:00-07:00,2026-04-22T11:45:00-07:00,Room 29,5841971,1179385093,English (auto-generated),140371,83798,ok,2026-06-11T04:52:04.416964Z
Updates in Anticancer Immunotherapies,updates-in-anticancer-immunotherapies,,2026-04-18T10:00:00-07:00,2026-04-18T12:00:00-07:00,Ballroom 6 A,5841809,1179383851,English (auto-generated),141361,79186,ok,2026-06-11T04:52:16.191884Z
3D Tissue Imaging and Cancer,3d-tissue-imaging-and-cancer,,2026-04-18T12:30:00-07:00,2026-04-18T14:00:00-07:00,Room 28,5841985,1179385155,English (auto-generated),145125,89300,ok,2026-06-11T04:52:24.408219Z
AACR Annual Business Meeting of Members,aacr-annual-business-meeting-of-members,,2026-04-20T12:30:00-07:00,2026-04-20T13:45:00-07:00,Room 5,5841923,1179384744,English (auto-generated),102516,59404,ok,2026-06-11T04:52:31.248392Z
AACR Annual Meeting 2026 Highlights,aacr-annual-meeting-2026-highlights,,2026-04-22T12:10:00-07:00,2026-04-22T13:30:00-07:00,Ballroom 20,5841782,1179383814,English (auto-generated),124913,72732,ok,2026-06-11T04:52:38.142128Z
AACR Gertrude B. Elion Cancer Research Award Lecture,aacr-gertrude-b-elion-cancer-research-award-lecture,,2026-04-21T12:00:00-07:00,2026-04-21T12:30:00-07:00,Room 17,5841943,1179384869,English (auto-generated),46469,27949,ok,2026-06-11T04:52:44.231773Z
AACR Team Science Award Lecture,aacr-team-science-award-lecture,,2026-04-18T12:30:00-07:00,2026-04-18T14:00:00-07:00,Ballroom 6 DE,5845353,1179908188,English (auto-generated),125894,73635,ok,2026-06-11T04:52:51.909590Z
Advances in Melanoma Research and Treatment,advances-in-melanoma-research-and-treatment,,2026-04-21T12:30:00-07:00,2026-04-21T14:00:00-07:00,Room 33,5841987,1179385169,English (auto-generated),135986,78754,ok,2026-06-11T04:53:01.815192Z
Advancing Precision Approaches to Head and Neck Cancers,advancing-precision-approaches-to-head-and-neck-cancers,,2026-04-21T12:30:00-07:00,2026-04-21T14:00:00-07:00,Room 11,5842033,1179385514,English (auto-generated),113243,67182,ok,2026-06-11T04:53:10.487547Z
AI in Biomarker Discovery and Drug Development,ai-in-biomarker-discovery-and-drug-development,,2026-04-18T12:30:00-07:00,2026-04-18T14:00:00-07:00,Ballroom 20 AB,5841792,1179383828,English (auto-generated),131415,75850,ok,2026-06-11T04:53:17.329058Z
AI-Based Tissue Biomarkers in Cancer: Multimodal AI Across Scales,ai-based-tissue-biomarkers-in-cancer-multimodal-ai-across-scales,,,,,5841816,1179383861,,,,no_vtt_url,
Aiming for Cure: Perioperative Clinical Trials,aiming-for-cure-perioperative-clinical-trials,,2026-04-18T12:30:00-07:00,2026-04-18T14:30:00-07:00,Ballroom 6 A,5841808,1179383849,English (auto-generated),165006,94782,ok,2026-06-11T04:53:25.425938Z
Beyond Cardiotoxicity: How Cardiovascular Disease and Systemic Risk Factors Drive Tumorigenesis,beyond-cardiotoxicity-how-cardiovascular-disease-and-systemic-risk-factors-drive,,2026-04-18T12:30:00-07:00,2026-04-18T14:00:00-07:00,Room 5,5841978,1179385127,English (auto-generated),138188,81388,ok,2026-06-11T04:53:32.169691Z
"Beyond Genetics: Macroenvironmental and Microenvironmental Determinants of Cancer Risk, Disease Progression, and Treatment Response",beyond-genetics-macroenvironmental-and-microenvironmental-determinants-of-cancer,,2026-04-21T12:30:00-07:00,2026-04-21T14:00:00-07:00,Room 15,5841963,1179385063,English (auto-generated),125871,73607,ok,2026-06-11T04:53:40.265932Z
Bridging the Gap: Multilevel Strategies to Expand Access to Cancer Clinical Trials,bridging-the-gap-multilevel-strategies-to-expand-access-to-cancer-clinical-trial,,2026-04-18T12:30:00-07:00,2026-04-18T14:00:00-07:00,Room 31,5841948,1179384932,English (auto-generated),131276,76821,ok,2026-06-11T04:53:47.066585Z
Cancer Metabolism as a Therapeutic Frontier,cancer-metabolism-as-a-therapeutic-frontier,,2026-04-18T12:30:00-07:00,2026-04-18T14:00:00-07:00,Ballroom 6 B,5841828,1179383878,English (auto-generated),138487,84110,ok,2026-06-11T04:53:53.786598Z
Cancer Predisposition Syndromes,cancer-predisposition-syndromes,,2026-04-21T12:30:00-07:00,2026-04-21T14:00:00-07:00,Room 5,5841977,1179385124,English (auto-generated),124719,74410,ok,2026-06-11T04:54:02.268529Z
Cancer Prevention and Screening: Exploring Policy Solutions,cancer-prevention-and-screening-exploring-policy-solutions,,2026-04-20T12:30:00-07:00,2026-04-20T14:00:00-07:00,Room 1,5842029,1179385450,English (auto-generated),148285,86208,ok,2026-06-11T04:54:10.070045Z
Cancer Vaccines: The Next Immunotherapy Breakthrough?,cancer-vaccines-the-next-immunotherapy-breakthrough,,2026-04-20T12:30:00-07:00,2026-04-20T14:00:00-07:00,Ballroom 6 A,5841814,1179383857,English (auto-generated),158462,96843,ok,2026-06-11T04:54:17.138900Z
"Chemistry to the Clinic Part 3 of 4: Novel Modalities, Targets, and Mechanisms in Drugging Oncogenic Pathways",chemistry-to-the-clinic-part-3-of-4-novel-modalities-targets-and-mechanisms-in-d,,2026-04-18T12:30:00-07:00,2026-04-18T14:00:00-07:00,Ballroom 20 CD,5841797,1179383834,English (auto-generated),114480,66835,ok,2026-06-11T04:54:25.232321Z
Claudin-Targeted Therapies: From Tight Junction Biology to Next-Generation Precision Oncology,claudin-targeted-therapies-from-tight-junction-biology-to-next-generation-precis,,2026-04-21T12:30:00-07:00,2026-04-21T14:00:00-07:00,Room 31,5841905,1179384562,English (auto-generated),116052,65775,ok,2026-06-11T04:54:32.896117Z
Clinical and Molecular Phenotyping of Cancer Cachexia,clinical-and-molecular-phenotyping-of-cancer-cachexia,,2026-04-18T12:30:00-07:00,2026-04-18T14:00:00-07:00,Room 15,5841980,1179385149,English (auto-generated),111444,65419,ok,2026-06-11T04:54:39.400129Z
Code Meets Cure: Navigating the Regulatory Landscape of AI in Oncology Drug Development,code-meets-cure-navigating-the-regulatory-landscape-of-ai-in-oncology-drug-devel,,2026-04-21T12:30:00-07:00,2026-04-21T14:00:00-07:00,Room 1,5841889,1179384414,English (auto-generated),146101,87728,ok,2026-06-11T04:54:46.305046Z
Dharma Master Jiantai Symposium in Biomarkers: Next-Gen Tools for ADCs—Defining Biomarkers of Response through Technological Innovation,dharma-master-jiantai-symposium-in-biomarkers-next-gen-tools-for-adcsdefining-bi,,2026-04-20T12:30:00-07:00,2026-04-20T14:00:00-07:00,Hall H,5841869,1179383960,English (auto-generated),126248,75543,ok,2026-06-11T04:54:52.839166Z
Dharma Master Jiantai Symposium in Targeted Therapy: Immunotherapy and DNA Repair,dharma-master-jiantai-symposium-in-targeted-therapy-immunotherapy-and-dna-repair,,2026-04-21T12:30:00-07:00,2026-04-21T14:00:00-07:00,Ballroom 6 B,5841834,1179383888,English (auto-generated),128680,76806,ok,2026-06-11T04:54:59.821794Z
Dissecting Hematologic Malignancies at Single-Cell Resolution: Cutting-Edge Advances in Spatial Omics,dissecting-hematologic-malignancies-at-single-cell-resolution-cutting-edge-advan,,2026-04-21T12:30:00-07:00,2026-04-21T14:00:00-07:00,Ballroom 6 DE,5841862,1179383947,English (auto-generated),118864,67289,ok,2026-06-11T04:55:07.198838Z
Does Adherence to Oral Cancer Therapy Matter?,does-adherence-to-oral-cancer-therapy-matter,,2026-04-20T12:30:00-07:00,2026-04-20T14:00:00-07:00,Room 11,5841932,1179384787,English (auto-generated),112720,67019,ok,2026-06-11T04:55:14.558079Z
El Camino de la Pediatría: Finding Our Way Through the Chasm of Pediatric Oncology Drug Development,el-camino-de-la-pediatría-finding-our-way-through-the-chasm-of-pediatric-oncolog,,2026-04-20T12:30:00-07:00,2026-04-20T14:00:00-07:00,Room 33,5841993,1179385178,English (auto-generated),149022,91909,ok,2026-06-11T04:55:21.619334Z
Fibroblast Dynamics: How Heterogeneity Shapes the Tumor Microenvironment,fibroblast-dynamics-how-heterogeneity-shapes-the-tumor-microenvironment,,2026-04-18T12:30:00-07:00,2026-04-18T14:00:00-07:00,Room 29,5841894,1179384443,English (auto-generated),139662,83377,ok,2026-06-11T04:55:32.152932Z
FLAIMME: A National Federated Learning Consortium Advancing Privacy-Preserving Oncology AI Through Foundation Model Adaptation,flaimme-a-national-federated-learning-consortium-advancing-privacy-preserving-on,,2026-04-21T12:30:00-07:00,2026-04-21T13:30:00-07:00,Room 2,5841968,1179385090,English (auto-generated),84080,49179,ok,2026-06-11T04:55:38.594578Z
From Risk Awareness to Informed Action: Advancing Cancer Communication Across Prevention and Genomic Care,from-risk-awareness-to-informed-action-advancing-cancer-communication-across-pre,,2026-04-18T12:30:00-07:00,2026-04-18T14:00:00-07:00,Room 11,5842023,1179385377,English (auto-generated),130293,76409,ok,2026-06-11T04:55:44.874207Z
Glues and Heterobifunctionals as Novel Therapeutics,glues-and-heterobifunctionals-as-novel-therapeutics,,2026-04-20T12:30:00-07:00,2026-04-20T14:00:00-07:00,Ballroom 6 CF,5841849,1179383916,English (auto-generated),141579,86086,ok,2026-06-11T04:55:52.046223Z
Hematological Malignancies: Undruggable Targets and New Frontiers,hematological-malignancies-undruggable-targets-and-new-frontiers,,2026-04-18T12:30:00-07:00,2026-04-18T14:00:00-07:00,Room 30,5841912,1179384628,English (auto-generated),120781,69356,ok,2026-06-11T04:55:59.355984Z
Human Cancer Models: From Patient-Derived Systems to Clinical Translation,human-cancer-models-from-patient-derived-systems-to-clinical-translation,,2026-04-19T12:00:00-07:00,2026-04-19T13:30:00-07:00,Ballroom 6 B,5841832,1179383884,English (auto-generated),135752,79625,ok,2026-06-11T04:56:06.386544Z
Immune and Stromal Reprogramming Across the Tumor Micro- and Macroenvironment,immune-and-stromal-reprogramming-across-the-tumor-micro-and-macroenvironment,,2026-04-21T12:30:00-07:00,2026-04-21T14:00:00-07:00,Ballroom 6 CF,5841847,1179383911,English (auto-generated),125460,74143,ok,2026-06-11T04:56:14.920817Z
Inflammaging and Cancer: Mechanistic Insights and Therapeutic Opportunities,inflammaging-and-cancer-mechanistic-insights-and-therapeutic-opportunities,,2026-04-21T12:30:00-07:00,2026-04-21T14:00:00-07:00,Room 14,5841964,1179385084,English (auto-generated),159694,96306,ok,2026-06-11T04:56:21.472091Z
Metabolic Reprogramming in Metastasis: Nucleotide Pathways as Drivers and Therapeutic Targets,metabolic-reprogramming-in-metastasis-nucleotide-pathways-as-drivers-and-therape,,2026-04-20T12:30:00-07:00,2026-04-20T14:00:00-07:00,Room 14,5842039,1179385549,English (auto-generated),137391,80987,ok,2026-06-11T04:56:28.398988Z
Microbiota-Host Interactions in Colorectal Cancer Development and Therapy,microbiota-host-interactions-in-colorectal-cancer-development-and-therapy,,2026-04-20T12:30:00-07:00,2026-04-20T14:00:00-07:00,Room 29,5841937,1179384825,English (auto-generated),145744,86825,ok,2026-06-11T04:56:35.766984Z
Modernizing Clinical Trial Communication: NCI's AI-Enabled Toolkit for Research Protocols and Participant Materials,modernizing-clinical-trial-communication-ncis-ai-enabled-toolkit-for-research-pr,,2026-04-20T12:30:00-07:00,2026-04-20T13:30:00-07:00,Room 2,5841929,1179384784,English (auto-generated),85150,47574,ok,2026-06-11T04:56:42.504350Z
Multi-kingdom Microbial Determinants of Cancer,multi-kingdom-microbial-determinants-of-cancer,,2026-04-21T12:30:00-07:00,2026-04-21T14:00:00-07:00,Room 30,5841994,1179385192,English (auto-generated),119217,72436,ok,2026-06-11T04:56:48.858617Z
Multi-modal Platforms for Early Cancer Detection,multi-modal-platforms-for-early-cancer-detection,,2026-04-18T12:30:00-07:00,2026-04-18T14:00:00-07:00,Ballroom 6 CF,5841841,1179383901,English (auto-generated),148550,91005,ok,2026-06-11T04:56:55.296274Z
New Insights from TCGA Whole-Genome Sequencing,new-insights-from-tcga-whole-genome-sequencing,,2026-04-18T12:30:00-07:00,2026-04-18T14:00:00-07:00,Room 33,5841928,1179384763,English (auto-generated),150231,90263,ok,2026-06-11T04:57:03.673077Z
Non-invasive Early Detection of Single-Site Cancers,non-invasive-early-detection-of-single-site-cancers,,2026-04-20T12:30:00-07:00,2026-04-20T14:00:00-07:00,Ballroom 20 CD,5841804,1179383842,English (auto-generated),129940,77634,ok,2026-06-11T04:57:10.880834Z
Off-the-Shelf Cell Therapies for Cancer and Beyond,off-the-shelf-cell-therapies-for-cancer-and-beyond,,2026-04-21T12:30:00-07:00,2026-04-21T14:00:00-07:00,Room 28,5841990,1179385172,English (auto-generated),122651,67370,ok,2026-06-11T04:57:18.148208Z
Pezcoller Foundation-AACR International Award for Extraordinary Achievement in Cancer Research,pezcoller-foundation-aacr-international-award-for-extraordinary-achievement-in-c,,2026-04-19T12:00:00-07:00,2026-04-19T12:45:00-07:00,Ballroom 20 CD,5845346,1179908176,English (auto-generated),62421,35956,ok,2026-06-11T04:57:25.629531Z
Population Sciences for Hematological Malignancies,population-sciences-for-hematological-malignancies,,2026-04-20T12:30:00-07:00,2026-04-20T14:00:00-07:00,Room 17,5842032,1179385488,English (auto-generated),134048,79563,ok,2026-06-11T04:57:32.155636Z
Programmed Cell Death: Mechanisms and Therapeutic Opportunities,programmed-cell-death-mechanisms-and-therapeutic-opportunities,,2026-04-20T12:30:00-07:00,2026-04-20T14:00:00-07:00,Room 31,5841996,1179385195,English (auto-generated),139788,82999,ok,2026-06-11T04:57:39.984409Z
Prostate Cancer: Basic to Clinical Advances,prostate-cancer-basic-to-clinical-advances,,2026-04-20T12:30:00-07:00,2026-04-20T14:00:00-07:00,Room 28,5841962,1179385061,English (auto-generated),135574,80045,ok,2026-06-11T04:57:48.949660Z
"RAS Inhibitors, Mechanisms of Resistance, and Drug Combinations",ras-inhibitors-mechanisms-of-resistance-and-drug-combinations,,2026-04-20T12:30:00-07:00,2026-04-20T14:00:00-07:00,Ballroom 20 AB,5841788,1179383821,English (auto-generated),131792,75734,ok,2026-06-11T04:57:56.038977Z
Resistance to Antibody Drug Conjugates,resistance-to-antibody-drug-conjugates,,2026-04-21T12:30:00-07:00,2026-04-21T14:00:00-07:00,Ballroom 20 AB,5841791,1179383825,English (auto-generated),137621,82632,ok,2026-06-11T04:58:05.878633Z
RNA Biology in Cancer: Dedicated to the Memory of David Baltimore,rna-biology-in-cancer-dedicated-to-the-memory-of-david-baltimore,,2026-04-21T12:30:00-07:00,2026-04-21T14:00:00-07:00,Room 29,5842040,1179385569,English (auto-generated),115460,67092,ok,2026-06-11T04:58:12.998143Z
Signaling Pathways in Cancer: Dedicated to the Memory of J. Michael Bishop,signaling-pathways-in-cancer-dedicated-to-the-memory-of-j-michael-bishop,,2026-04-20T12:30:00-07:00,2026-04-20T14:00:00-07:00,Room 30,5841992,1179385177,English (auto-generated),133664,78993,ok,2026-06-11T04:58:20.265991Z
Stand Up To Cancer Scientific Session: Strategies Towards Overcoming Cancer Health Disparities,stand-up-to-cancer-scientific-session-strategies-towards-overcoming-cancer-healt,,2026-04-20T12:30:00-07:00,2026-04-20T14:00:00-07:00,Room 15,5841951,1179384967,English (auto-generated),132512,77002,ok,2026-06-11T04:58:28.035398Z
Stress Across Scales in Cancer: From Societal Burden to Microenvironmental and Cellular Mechanisms,stress-across-scales-in-cancer-from-societal-burden-to-microenvironmental-and-ce,,2026-04-20T12:30:00-07:00,2026-04-20T14:00:00-07:00,Room 16,5841935,1179384818,English (auto-generated),128484,75747,ok,2026-06-11T04:58:35.092215Z
The Epitranscriptome in Cancer: Modifying RNA to Shape the Future of Oncology,the-epitranscriptome-in-cancer-modifying-rna-to-shape-the-future-of-oncology,,2026-04-20T12:30:00-07:00,2026-04-20T14:00:00-07:00,Ballroom 6 B,5841824,1179383872,English (auto-generated),102173,58740,ok,2026-06-11T04:58:41.894596Z
Turning the Tide in the Fight Against Pancreatic Cancer,turning-the-tide-in-the-fight-against-pancreatic-cancer,,2026-04-21T12:30:00-07:00,2026-04-21T14:00:00-07:00,Ballroom 6 A,5841827,1179383877,English (auto-generated),130788,79651,ok,2026-06-11T04:58:49.020485Z
Using AI and Spatial Transcriptomics Data to Predict Spatial Gene Expression from Histopathology Slides,using-ai-and-spatial-transcriptomics-data-to-predict-spatial-gene-expression-fro,,2026-04-20T12:30:00-07:00,2026-04-20T14:00:00-07:00,Ballroom 6 DE,5841858,1179383939,English (auto-generated),127492,74339,ok,2026-06-11T04:58:55.523703Z
"Where Expedited Pathways, Innovation, Safety, and Patient Access Collide: A KRAS Case Study",where-expedited-pathways-innovation-safety-and-patient-access-collide-a-kras-cas,,2026-04-18T12:30:00-07:00,2026-04-18T14:00:00-07:00,Room 1,5841876,1179383974,English (auto-generated),136955,80130,ok,2026-06-11T04:59:02.391675Z
Advances in Bladder Cancer Research and Treatment: Pathways to Precision Medicine,advances-in-bladder-cancer-research-and-treatment-pathways-to-precision-medicine,,2026-04-19T13:00:00-07:00,2026-04-19T14:30:00-07:00,Room 11,5841973,1179385122,English (auto-generated),135536,79894,ok,2026-06-11T04:59:09.918698Z
Advances in the Use of Geospatial and Neighborhood Data for Cancer Population Sciences Research and Translation,advances-in-the-use-of-geospatial-and-neighborhood-data-for-cancer-population-sc,,2026-04-19T13:00:00-07:00,2026-04-19T14:30:00-07:00,Room 17,5841989,1179385173,English (auto-generated),141042,86845,ok,2026-06-11T04:59:16.473281Z
Advances in Understanding Disseminated Tumor Cells: An Emerging Opportunity to Prevent Lethal Breast Cancer?,advances-in-understanding-disseminated-tumor-cells-an-emerging-opportunity-to-pr,,2026-04-19T13:00:00-07:00,2026-04-19T14:30:00-07:00,Room 31,5841883,1179384362,English (auto-generated),127112,73563,ok,2026-06-11T04:59:23.749259Z
Approaches to Drug Development for Rare Malignancies,approaches-to-drug-development-for-rare-malignancies,,2026-04-19T13:00:00-07:00,2026-04-19T14:30:00-07:00,Room 1,5842025,1179385389,English (auto-generated),139410,83690,ok,2026-06-11T04:59:30.382105Z
"Beyond Chromosomes: Mechanisms, Consequences, and Therapeutic Opportunities of Extrachromosomal DNA (ecDNA)",beyond-chromosomes-mechanisms-consequences-and-therapeutic-opportunities-of-extr,,2026-04-19T13:00:00-07:00,2026-04-19T14:30:00-07:00,Ballroom 20 AB,5841785,1184588868,English (auto-generated),135302,82473,ok,2026-06-11T04:59:37.462477Z
"Early-Onset Cancers: Interventions, Survivorship, and Novel Treatment Approaches",early-onset-cancers-interventions-survivorship-and-novel-treatment-approaches,,2026-04-19T13:00:00-07:00,2026-04-19T14:30:00-07:00,Ballroom 6 DE,5841853,1179383926,English (auto-generated),132991,83042,ok,2026-06-11T04:59:44.952950Z
Epigenetics in Hematologic Malignancies,epigenetics-in-hematologic-malignancies,,2026-04-19T13:00:00-07:00,2026-04-19T14:30:00-07:00,Room 28,5841901,1179384508,English (auto-generated),109350,65161,ok,2026-06-11T04:59:52.296149Z
"Gastric/Gastroesophageal Cancer Dynamics: Pre-Cancer Evolution, Metastasis, Microenvironment, and Therapeutic Breakthroughs",gastricgastroesophageal-cancer-dynamics-pre-cancer-evolution-metastasis-microenv,,2026-04-19T13:00:00-07:00,2026-04-19T14:30:00-07:00,Room 33,5842007,1179385266,English (auto-generated),126859,70106,ok,2026-06-11T04:59:59.390375Z
Mechanisms of Immune Evasion and Immune Dysregulation,mechanisms-of-immune-evasion-and-immune-dysregulation,,2026-04-19T13:00:00-07:00,2026-04-19T14:30:00-07:00,Ballroom 6 CF,5841843,1179383907,English (auto-generated),131569,79227,ok,2026-06-11T05:00:08.975046Z
NCI Opportunities to Support Early Career Cancer Researchers and Research Specialists,nci-opportunities-to-support-early-career-cancer-researchers-and-research-specia,,2026-04-19T13:00:00-07:00,2026-04-19T14:00:00-07:00,Room 2,5841902,1179384528,English (auto-generated),98316,56431,ok,2026-06-11T05:00:17.592832Z
Neural-Immune Crosstalk in Cancer,neural-immune-crosstalk-in-cancer,,2026-04-19T13:00:00-07:00,2026-04-19T14:30:00-07:00,Room 15,5841960,1179385056,English (auto-generated),120753,67153,ok,2026-06-11T05:00:25.399782Z
New Drugs on the Horizon: Part 1,new-drugs-on-the-horizon-part-1,,2026-04-19T13:00:00-07:00,2026-04-19T14:30:00-07:00,Ballroom 20 CD,5841802,1179383840,English (auto-generated),129644,77067,ok,2026-06-11T05:00:33.494243Z
New Frontiers in Precision Oncology,new-frontiers-in-precision-oncology,,2026-04-19T13:00:00-07:00,2026-04-19T15:00:00-07:00,Hall H,5841867,1179383957,English (auto-generated),168976,97211,ok,2026-06-11T05:00:39.925481Z
Precision Screening: Opportunities to Enhance the Benefits of Cancer Screening,precision-screening-opportunities-to-enhance-the-benefits-of-cancer-screening,,2026-04-19T13:00:00-07:00,2026-04-19T14:30:00-07:00,Room 5,5841890,1179384417,English (auto-generated),126455,72114,ok,2026-06-11T05:00:52.053858Z
Shaping the Future of AI: The Role of Pathology in the Development of Foundational Models,shaping-the-future-of-ai-the-role-of-pathology-in-the-development-of-foundationa,,2026-04-19T13:00:00-07:00,2026-04-19T14:30:00-07:00,Ballroom 6 A,5841811,1179383855,English (auto-generated),142156,85727,ok,2026-06-11T05:00:58.875334Z
Spatial and Single-Cell Omics at Scale: Technologies for Decoding Cancer Ecosystems,spatial-and-single-cell-omics-at-scale-technologies-for-decoding-cancer-ecosyste,,2026-04-19T13:00:00-07:00,2026-04-19T14:30:00-07:00,Room 30,5841882,1179384300,English (auto-generated),135173,80137,ok,2026-06-11T05:01:05.268523Z
Synthetic Biology Approaches to Cancer and Immune Cell Therapy,synthetic-biology-approaches-to-cancer-and-immune-cell-therapy,,2026-04-19T13:00:00-07:00,2026-04-19T14:30:00-07:00,Room 29,5841888,1179384413,English (auto-generated),132525,77460,ok,2026-06-11T05:01:12.641442Z
The Necrotic Tumor Microenvironment as an Instigator of Metastatic Aggression and Immuno-evasion,the-necrotic-tumor-microenvironment-as-an-instigator-of-metastatic-aggression-an,,2026-04-19T13:00:00-07:00,2026-04-19T14:30:00-07:00,Room 14,5841958,1179385032,English (auto-generated),129633,78341,ok,2026-06-11T05:01:19.953045Z
Therapy-Induced Mutagenesis in Normal Tissues of Children: A Link to Late Effects?,therapy-induced-mutagenesis-in-normal-tissues-of-children-a-link-to-late-effects,,2026-04-19T13:00:00-07:00,2026-04-19T14:30:00-07:00,Room 16,5841892,1179384422,English (auto-generated),131459,77215,ok,2026-06-11T05:01:28.552849Z
AACR-JCA Joint Session: Lung Cancer in Never-Smokers,aacr-jca-joint-session-lung-cancer-in-never-smokers,,2026-04-20T14:30:00-07:00,2026-04-20T16:30:00-07:00,Ballroom 6 DE,5841859,1179383942,English (auto-generated),168838,93725,ok,2026-06-11T05:01:35.600187Z
Adoptive T Cell Therapy,adoptive-t-cell-therapy,,2026-04-20T14:30:00-07:00,2026-04-20T16:30:00-07:00,Ballroom 20 AB,5841790,1179383824,English (auto-generated),157952,89751,ok,2026-06-11T05:01:43.175652Z
Advances in Precision Oncology,advances-in-precision-oncology,,2026-04-21T14:30:00-07:00,2026-04-21T16:30:00-07:00,Hall H,5841873,1179383968,English (auto-generated),166031,90653,ok,2026-06-11T05:01:50.391266Z
Advances in Therapeutic Antibodies,advances-in-therapeutic-antibodies,,2026-04-20T14:30:00-07:00,2026-04-20T16:30:00-07:00,Ballroom 20 CD,5841812,1179383854,English (auto-generated),167058,100081,ok,2026-06-11T05:01:57.339347Z
Advancing Cancer Research Through an International Cancer Registry: AACR Project GENIE® Use Cases,advancing-cancer-research-through-an-international-cancer-registry-aacr-project-,,2026-04-20T14:30:00-07:00,2026-04-20T16:15:00-07:00,Room 14,5842037,1179385526,English (auto-generated),126616,70835,ok,2026-06-11T05:02:09.153516Z
Advancing Early-Phase Pediatric Cancer Trials to Turn Promising Agents into Actionable Evidence,advancing-early-phase-pediatric-cancer-trials-to-turn-promising-agents-into-acti,,2026-04-20T14:15:00-07:00,2026-04-20T15:45:00-07:00,Room 1,5841986,1179385156,English (auto-generated),120534,71073,ok,2026-06-11T05:02:16.874028Z
Aging Micro- and Macro-Environments in Tumor Progression and Therapy,aging-micro-and-macro-environments-in-tumor-progression-and-therapy,,2026-04-21T14:30:00-07:00,2026-04-21T16:30:00-07:00,Ballroom 6 A,5841825,1179383876,English (auto-generated),129544,73528,ok,2026-06-11T05:02:24.406220Z
"Biomarkers That Change Management: Predicting Therapy Benefit, Progression, and Metastatic Risk",biomarkers-that-change-management-predicting-therapy-benefit-progression-and-met,,2026-04-20T14:30:00-07:00,2026-04-20T16:30:00-07:00,Room 29,5841957,1179385020,English (auto-generated),149820,87008,ok,2026-06-11T05:02:32.810384Z
"Cancer Systems Biology, Ecology, and Evolution",cancer-systems-biology-ecology-and-evolution,,2026-04-18T14:30:00-07:00,2026-04-18T16:00:00-07:00,Room 28,5841915,1179384663,English (auto-generated),140306,83265,ok,2026-06-11T05:02:39.799468Z
Chemistry to the Clinic Part 4 of 4: From Transcript to Protein—New Frontiers in Drug Discovery,chemistry-to-the-clinic-part-4-of-4-from-transcript-to-proteinnew-frontiers-in-d,,2026-04-18T14:30:00-07:00,2026-04-18T16:00:00-07:00,Ballroom 20 CD,5841798,1179383835,English (auto-generated),144333,86784,ok,2026-06-11T05:02:47.277249Z
Chromosomal Instability in Cancer: From Mechanism to Therapy and Clinical Translation,chromosomal-instability-in-cancer-from-mechanism-to-therapy-and-clinical-transla,,2026-04-18T14:30:00-07:00,2026-04-18T16:00:00-07:00,Ballroom 6 B,5841831,1179383883,English (auto-generated),142543,85275,ok,2026-06-11T05:02:57.245883Z
Comparison of Solid and Liquid Tumors,comparison-of-solid-and-liquid-tumors,,2026-04-18T14:30:00-07:00,2026-04-18T16:00:00-07:00,Room 29,5841908,1179384574,English (auto-generated),126030,74893,ok,2026-06-11T05:03:03.850283Z
Contextual Challenges in Interpreting Performance of Blood-Based Early Cancer Detection Tests,contextual-challenges-in-interpreting-performance-of-blood-based-early-cancer-de,,2026-04-18T14:30:00-07:00,2026-04-18T16:00:00-07:00,Room 1,5841940,1179384861,English (auto-generated),136647,80974,ok,2026-06-11T05:03:10.710535Z
"Continuous Oncology: Wearables, Digital Biomarkers, and the Future of Cancer Interception",continuous-oncology-wearables-digital-biomarkers-and-the-future-of-cancer-interc,,2026-04-18T14:30:00-07:00,2026-04-18T16:00:00-07:00,Room 16,5841945,1179384928,English (auto-generated),135092,78796,ok,2026-06-11T05:03:18.083324Z
"Cracking Adaptive Resistance: AI-Enabled, Screen-Guided Targets in Tumor Plasticity, DNA Damage, Metabolism, and CTC-Associated Immunity",cracking-adaptive-resistance-ai-enabled-screen-guided-targets-in-tumor-plasticit,,2026-04-20T14:30:00-07:00,2026-04-20T16:30:00-07:00,Room 28,5841991,1179385174,English (auto-generated),177882,98905,ok,2026-06-11T05:03:25.126604Z
Cutting-Edge Advances in Hematology,cutting-edge-advances-in-hematology,,2026-04-20T14:30:00-07:00,2026-04-20T16:30:00-07:00,Room 15,5841988,1179385171,English (auto-generated),170103,94827,ok,2026-06-11T05:03:34.501728Z
Deep Learning in Digital Pathology: From Morphology to Multimodal Biomarkers,deep-learning-in-digital-pathology-from-morphology-to-multimodal-biomarkers,,2026-04-18T14:30:00-07:00,2026-04-18T16:00:00-07:00,Ballroom 6 CF,5841840,1179383900,English (auto-generated),123373,68488,ok,2026-06-11T05:03:42.042628Z
Digital Pathology,digital-pathology,,2026-04-20T14:30:00-07:00,2026-04-20T16:30:00-07:00,Room 31,5841887,1179384411,English (auto-generated),172922,98410,ok,2026-06-11T05:03:49.377325Z
Focus on ctDNA,focus-on-ctdna,,2026-04-20T14:30:00-07:00,2026-04-20T16:30:00-07:00,Hall H,5841875,1179383973,English (auto-generated),155934,90206,ok,2026-06-11T05:03:57.787187Z
Genomic Approaches to Understanding Tumor Evolution,genomic-approaches-to-understanding-tumor-evolution,,2026-04-21T14:30:00-07:00,2026-04-21T16:30:00-07:00,Room 11,5841903,1179384532,English (auto-generated),161645,92821,ok,2026-06-11T05:04:05.760357Z
Identification and Management of Reduced Penetrance High-risk Cancer Gene Variants,identification-and-management-of-reduced-penetrance-high-risk-cancer-gene-varian,,2026-04-18T14:30:00-07:00,2026-04-18T16:00:00-07:00,Room 15,5842022,1179385375,English (auto-generated),126653,73320,ok,2026-06-11T05:04:12.425999Z
Immunotherapy: Mechanisms and Responses,immunotherapy-mechanisms-and-responses,,2026-04-21T14:30:00-07:00,2026-04-21T16:30:00-07:00,Room 28,5842005,1179385264,English (auto-generated),158647,89438,ok,2026-06-11T05:04:19.905883Z
Inflammation and Immunity in Cancer Progression,inflammation-and-immunity-in-cancer-progression,,2026-04-21T14:30:00-07:00,2026-04-21T16:30:00-07:00,Room 14,5841959,1179385054,English (auto-generated),159742,94518,ok,2026-06-11T05:04:27.239412Z
"Innovations in Translating Social and Structural Determinants of Health Across Population, Community, and Basic Cancer Research",innovations-in-translating-social-and-structural-determinants-of-health-across-p,,2026-04-18T14:30:00-07:00,2026-04-18T16:00:00-07:00,Room 5,5841927,1179384762,English (auto-generated),141071,82914,ok,2026-06-11T05:04:34.764520Z
KRAS Inhibitors: From Discovery to Patient Outcomes,kras-inhibitors-from-discovery-to-patient-outcomes,,2026-04-18T14:30:00-07:00,2026-04-18T16:00:00-07:00,Ballroom 20 AB,5841784,1179383816,English (auto-generated),147528,89047,ok,2026-06-11T05:04:42.847111Z
KRAS-Targeted Therapies: Overcoming Resistance and Novel Combinations,kras-targeted-therapies-overcoming-resistance-and-novel-combinations,,2026-04-21T14:30:00-07:00,2026-04-21T16:30:00-07:00,Ballroom 20 AB,5841794,1179383829,English (auto-generated),134480,75243,ok,2026-06-11T05:04:49.389547Z
Machine Learning Approaches for Cancer Diagnosis and Treatment Prediction,machine-learning-approaches-for-cancer-diagnosis-and-treatment-prediction,,2026-04-21T14:30:00-07:00,2026-04-21T16:30:00-07:00,Ballroom 20 CD,5841807,1179383848,English (auto-generated),151203,83345,ok,2026-06-11T05:04:55.992060Z
Macrophages as Therapeutic Gatekeepers: From Biology to Clinical Application,macrophages-as-therapeutic-gatekeepers-from-biology-to-clinical-application,,2026-04-18T14:30:00-07:00,2026-04-18T16:00:00-07:00,Room 33,5841911,1179384627,English (auto-generated),153235,94496,ok,2026-06-11T05:05:02.607763Z
Manufacturing and Engineering the Next Generation of Immune Effectors,manufacturing-and-engineering-the-next-generation-of-immune-effectors,,2026-04-18T14:30:00-07:00,2026-04-18T16:00:00-07:00,Room 30,5841965,1179385085,English (auto-generated),149846,90847,ok,2026-06-11T05:05:11.673070Z
"Mechanotransduction in Tumor Development, Metastasis, and Therapy Resistance",mechanotransduction-in-tumor-development-metastasis-and-therapy-resistance,,2026-04-18T14:30:00-07:00,2026-04-18T16:00:00-07:00,Room 31,5841976,1179385126,English (auto-generated),142391,83810,ok,2026-06-11T05:05:19.179795Z
Metabolic Signaling and Therapeutic Vulnerabilities in Cancer,metabolic-signaling-and-therapeutic-vulnerabilities-in-cancer,,2026-04-21T14:30:00-07:00,2026-04-21T16:30:00-07:00,Ballroom 6 CF,5841852,1179383925,English (auto-generated),137533,80135,ok,2026-06-11T05:05:26.416058Z
Microenvironmental Determinants of Tumor Evolution and Immune Escape,microenvironmental-determinants-of-tumor-evolution-and-immune-escape,,2026-04-20T14:30:00-07:00,2026-04-20T16:30:00-07:00,Ballroom 6 CF,5841845,1179383909,English (auto-generated),159242,88643,ok,2026-06-11T05:05:34.670316Z
Minisymposium: Late-Breaking Research,minisymposium-late-breaking-research,,2026-04-21T14:30:00-07:00,2026-04-21T16:30:00-07:00,Room 5,5841910,1179384607,English (auto-generated),160986,92029,ok,2026-06-11T05:05:41.212292Z
NCI Director’s Address and Fireside Chat,nci-directors-address-and-fireside-chat,,2026-04-20T14:30:00-07:00,2026-04-20T15:30:00-07:00,Ballroom 6 A,5841813,1179383856,English (auto-generated),110130,66301,ok,2026-06-11T05:05:48.020188Z
NCI Drug Development Resources and Grant Writing Strategies for New and Early-Stage Investigators,nci-drug-development-resources-and-grant-writing-strategies-for-new-and-early-st,,2026-04-19T14:30:00-07:00,2026-04-19T15:30:00-07:00,Room 2,5841952,1179384968,English (auto-generated),89675,49731,ok,2026-06-11T05:05:54.582247Z
NCI/NIH Opportunities in Funding: NCI-Cancer Diagnosis Program Initiatives and Biospecimen Resources for Investigators,ncinih-opportunities-in-funding-nci-cancer-diagnosis-program-initiatives-and-bio,,2026-04-21T14:30:00-07:00,2026-04-21T15:30:00-07:00,Room 2,5841886,1179384382,English (auto-generated),95583,48579,ok,2026-06-11T05:06:01.610120Z
New Technologies in the Metabolism of Cancer,new-technologies-in-the-metabolism-of-cancer,,2026-04-18T14:30:00-07:00,2026-04-18T16:00:00-07:00,Ballroom 6 DE,5841854,1179383929,English (auto-generated),139145,83652,ok,2026-06-11T05:06:12.053758Z
Novel Molecular Mechanisms Driving Cancer Metastasis,novel-molecular-mechanisms-driving-cancer-metastasis,,2026-04-20T14:30:00-07:00,2026-04-20T16:30:00-07:00,Ballroom 6 B,5841833,1179383887,English (auto-generated),156955,88748,ok,2026-06-11T05:06:20.162003Z
Oncogenic Transcriptional Control: From Chromatin to Cell Fate,oncogenic-transcriptional-control-from-chromatin-to-cell-fate,,2026-04-20T14:30:00-07:00,2026-04-20T16:30:00-07:00,Room 30,5842002,1179385227,English (auto-generated),143031,83243,ok,2026-06-11T05:06:33.270521Z
Pediatric Cancer from Mechanism to Translation,pediatric-cancer-from-mechanism-to-translation,,2026-04-20T14:30:00-07:00,2026-04-20T16:30:00-07:00,Room 11,5841900,1179384507,English (auto-generated),164557,96917,ok,2026-06-11T05:06:42.166419Z
Population Sciences at the Forefront 2: Molecular and Genetic Epidemiology of Cancer Risk and Outcomes,population-sciences-at-the-forefront-2-molecular-and-genetic-epidemiology-of-can,,2026-04-21T14:30:00-07:00,2026-04-21T16:30:00-07:00,Room 15,5842019,1179385353,English (auto-generated),162655,94335,ok,2026-06-11T05:06:50.547374Z
Precision Prevention: Advances in Early Detection and Risk Assessment,precision-prevention-advances-in-early-detection-and-risk-assessment,,2026-04-20T14:30:00-07:00,2026-04-20T16:30:00-07:00,Room 16,5842020,1179385356,English (auto-generated),160343,92953,ok,2026-06-11T05:06:57.478317Z
Radiotheranostics: Nuts and Bolts,radiotheranostics-nuts-and-bolts,,2026-04-18T14:30:00-07:00,2026-04-18T16:00:00-07:00,Room 11,5841917,1179384692,English (auto-generated),136094,81814,ok,2026-06-11T05:07:04.114812Z
"Spatial Biomarkers at Single-Cell Resolution: Mapping Tumor Ecosystems with Proteomics, Transcriptomics, and AI",spatial-biomarkers-at-single-cell-resolution-mapping-tumor-ecosystems-with-prote,,2026-04-21T14:30:00-07:00,2026-04-21T16:30:00-07:00,Ballroom 6 B,5841835,1179383889,English (auto-generated),162755,98096,ok,2026-06-11T05:07:13.423043Z
Targeted Protein Degradation and Non-cannonical Oncogenic Signaling,targeted-protein-degradation-and-non-cannonical-oncogenic-signaling,,2026-04-21T14:30:00-07:00,2026-04-21T16:30:00-07:00,Ballroom 6 DE,5841864,1179383953,English (auto-generated),169361,98028,ok,2026-06-11T05:07:20.132054Z
Targeted Therapies,targeted-therapies,,2026-04-21T14:30:00-07:00,2026-04-21T16:30:00-07:00,Room 33,5841907,1179384573,English (auto-generated),156152,85503,ok,2026-06-11T05:07:28.751460Z
Targeted Therapy: Data Driven Approaches and Novel Drugs,targeted-therapy-data-driven-approaches-and-novel-drugs,,2026-04-21T14:30:00-07:00,2026-04-21T16:30:00-07:00,Room 31,5842028,1179385419,English (auto-generated),176147,100106,ok,2026-06-11T05:07:35.908241Z
"Tumor Microenvironment, Immunomodulation, and Enabling Delivery and Models",tumor-microenvironment-immunomodulation-and-enabling-delivery-and-models,,2026-04-20T14:30:00-07:00,2026-04-20T16:30:00-07:00,Room 33,5841967,1179385087,English (auto-generated),168958,97531,ok,2026-06-11T05:07:44.036945Z
AACR Award for Lifetime Achievement in Cancer Research,aacr-award-for-lifetime-achievement-in-cancer-research,,2026-04-19T15:00:00-07:00,2026-04-19T15:45:00-07:00,Ballroom 6 B,5844065,1179686895,English (auto-generated),69816,41951,ok,2026-06-11T05:07:50.999348Z
AACR James S. Ewing-Thelma B. Dunn Award for Outstanding Achievement in Pathology in Cancer Research,aacr-james-s-ewing-thelma-b-dunn-award-for-outstanding-achievement-in-pathology-,,2026-04-19T15:15:00-07:00,2026-04-19T16:00:00-07:00,Room 29,5845349,1179908180,English (auto-generated),74338,45948,ok,2026-06-11T05:07:57.677301Z
AACR-Cancer Research Institute Lloyd J. Old Award in Cancer Immunology,aacr-cancer-research-institute-lloyd-j-old-award-in-cancer-immunology,,2026-04-21T15:00:00-07:00,2026-04-21T15:45:00-07:00,Room 30,5845342,1179908175,English (auto-generated),68092,38302,ok,2026-06-11T05:08:04.382015Z
AACR-Irving Weinstein Foundation Distinguished Lectureship,aacr-irving-weinstein-foundation-distinguished-lectureship,,2026-04-19T15:00:00-07:00,2026-04-19T15:45:00-07:00,Ballroom 6 A,5845347,1179908179,English (auto-generated),73050,44229,ok,2026-06-11T05:08:11.542221Z
AACR-Minorities in Cancer Research Jane Cooke Wright Lectureship,aacr-minorities-in-cancer-research-jane-cooke-wright-lectureship,,2026-04-20T15:00:00-07:00,2026-04-20T15:45:00-07:00,Room 5,5845350,1179908181,English (auto-generated),54987,28767,ok,2026-06-11T05:08:18.440443Z
"Advanced Antibody, Conjugate, and Targeted Therapeutic Platforms",advanced-antibody-conjugate-and-targeted-therapeutic-platforms,,2026-04-19T15:00:00-07:00,2026-04-19T17:00:00-07:00,Ballroom 6 CF,5841844,1179383906,English (auto-generated),180378,105434,ok,2026-06-11T05:08:26.373337Z
Advanced Cellular and Immune-Based Therapeutics,advanced-cellular-and-immune-based-therapeutics,,2026-04-19T15:00:00-07:00,2026-04-19T17:00:00-07:00,Ballroom 20 AB,5841789,1179383823,English (auto-generated),147239,82303,ok,2026-06-11T05:08:32.757667Z
Advances in Cancer Epigenetics,advances-in-cancer-epigenetics,,2026-04-19T15:00:00-07:00,2026-04-19T17:00:00-07:00,Room 33,5842001,1179385225,English (auto-generated),155330,85714,ok,2026-06-11T05:08:40.481723Z
Advances in Cancer Research,advances-in-cancer-research,,2026-04-19T15:00:00-07:00,2026-04-19T17:00:00-07:00,Room 16,5841936,1179384823,English (auto-generated),160129,90172,ok,2026-06-11T05:08:49.518623Z
AI in Cancer Care: Practical Applications Transforming Oncology,ai-in-cancer-care-practical-applications-transforming-oncology,,2026-04-17T15:00:00-07:00,2026-04-17T16:30:00-07:00,Room 29,5841997,1179385218,English (auto-generated),119342,71445,ok,2026-06-11T05:08:56.996114Z
Clinical Trial Design Workshop: Real World Evidence in Clinical Trial Design,clinical-trial-design-workshop-real-world-evidence-in-clinical-trial-design,,2026-04-17T15:00:00-07:00,2026-04-17T16:30:00-07:00,Room 31,5841975,1179385125,English (auto-generated),131243,74634,ok,2026-06-11T05:09:03.791898Z
Combating T Cell Checkpoints,combating-t-cell-checkpoints,,2026-04-19T15:00:00-07:00,2026-04-19T16:30:00-07:00,Room 31,5842010,1179385311,English (auto-generated),118841,68845,ok,2026-06-11T05:09:10.546672Z
Decoding Tumor Evolution through the Human Tumor Atlas Network: An Ecological and Evolutionary Perspective,decoding-tumor-evolution-through-the-human-tumor-atlas-network-an-ecological-and,,2026-04-17T15:00:00-07:00,2026-04-17T16:30:00-07:00,Room 30,5841974,1179385123,English (auto-generated),126954,76429,ok,2026-06-11T05:09:17.486527Z
From Real World Data to Medicine-based Evidence,from-real-world-data-to-medicine-based-evidence,,2026-04-19T15:00:00-07:00,2026-04-19T17:00:00-07:00,Room 17,5841982,1179385151,English (auto-generated),174572,100384,ok,2026-06-11T05:09:25.448564Z
Innovative Targeted and Cellular Therapies for Exploiting Cancer Vulnerabilities,innovative-targeted-and-cellular-therapies-for-exploiting-cancer-vulnerabilities,,2026-04-19T15:00:00-07:00,2026-04-19T17:00:00-07:00,Room 5,5842008,1179385272,English (auto-generated),168649,94926,ok,2026-06-11T05:09:32.418022Z
Integrative Computational Approaches,integrative-computational-approaches,,2026-04-19T15:00:00-07:00,2026-04-19T17:00:00-07:00,Room 30,5842004,1179385240,English (auto-generated),174296,103467,ok,2026-06-11T05:09:39.171135Z
"Liquid Biopsy Frontiers: ctDNA, Fragmentomics, and MRD to Guide Precision Oncology",liquid-biopsy-frontiers-ctdna-fragmentomics-and-mrd-to-guide-precision-oncology,,2026-04-19T15:00:00-07:00,2026-04-19T17:00:00-07:00,Ballroom 6 DE,5841856,1179383932,English (auto-generated),161291,89649,ok,2026-06-11T05:09:49.221786Z
Modifiers of Inflammation and the Tumor Microenvironment,modifiers-of-inflammation-and-the-tumor-microenvironment,,2026-04-19T15:00:00-07:00,2026-04-19T17:00:00-07:00,Room 14,5841941,1179384865,English (auto-generated),142135,82131,ok,2026-06-11T05:09:56.098417Z
New Drugs on the Horizon: Part 2,new-drugs-on-the-horizon-part-2,,2026-04-19T15:00:00-07:00,2026-04-19T16:30:00-07:00,Ballroom 20 CD,5841803,1179383841,English (auto-generated),110950,60641,ok,2026-06-11T05:10:03.328594Z
"Next Generation Extracellular Vesicles and Particles as Biomarkers, Targets, and Deliverables",next-generation-extracellular-vesicles-and-particles-as-biomarkers-targets-and-d,,2026-04-17T15:00:00-07:00,2026-04-17T16:30:00-07:00,Ballroom 20 CD,5841796,1179383833,English (auto-generated),123095,65538,ok,2026-06-11T05:10:10.139171Z
NK Cell-Based Cancer Immunotherapy: From Biology to the Clinic,nk-cell-based-cancer-immunotherapy-from-biology-to-the-clinic,,2026-04-17T15:00:00-07:00,2026-04-17T16:30:00-07:00,Room 17,5841918,1179384703,English (auto-generated),138327,84036,ok,2026-06-11T05:10:17.528714Z
Nonclinical Models of Cancer,nonclinical-models-of-cancer,,2026-04-19T15:00:00-07:00,2026-04-19T17:00:00-07:00,Room 28,5841885,1179384364,English (auto-generated),144784,81446,ok,2026-06-11T05:10:26.950513Z
"Noncoding RNA Regulation of Cancer Hallmarks, Therapeutic Resistance, and Biomarker Discovery",noncoding-rna-regulation-of-cancer-hallmarks-therapeutic-resistance-and-biomarke,,2026-04-19T15:00:00-07:00,2026-04-19T16:45:00-07:00,Room 15,5842034,1179385515,English (auto-generated),151427,81994,ok,2026-06-11T05:10:34.376988Z
Pathobiology of Sarcomas and Emerging Technologies,pathobiology-of-sarcomas-and-emerging-technologies,,2026-04-17T15:00:00-07:00,2026-04-17T16:30:00-07:00,Room 33,5841880,1179384184,English (auto-generated),135079,81926,ok,2026-06-11T05:10:41.146896Z
Patient Advocate Poster Symposium: Advancing Cancer Research Through Patient and Community Partnerships,patient-advocate-poster-symposium-advancing-cancer-research-through-patient-and-,,2026-04-21T15:00:00-07:00,2026-04-21T16:30:00-07:00,Room 1,5841898,1179384474,English (auto-generated),138480,81042,ok,2026-06-11T05:10:48.405628Z
Population Sciences at the Forefront 1: Risk Factors Influencing Cancer Incidence and Survival,population-sciences-at-the-forefront-1-risk-factors-influencing-cancer-incidence,,2026-04-19T15:00:00-07:00,2026-04-19T17:00:00-07:00,Room 11,5841919,1179384723,English (auto-generated),154567,86196,ok,2026-06-11T05:10:55.537841Z
Researcher Town Hall: Navigating Policy Challenges and Securing Funding,researcher-town-hall-navigating-policy-challenges-and-securing-funding,,2026-04-19T15:00:00-07:00,2026-04-19T16:30:00-07:00,Room 1,5844064,1179686894,English (auto-generated),142503,86156,ok,2026-06-11T05:11:02.598057Z
The Dark Side of Cancer Therapies: Therapy-Induced Comorbidities Across the Lifespan,the-dark-side-of-cancer-therapies-therapy-induced-comorbidities-across-the-lifes,,2026-04-17T15:00:00-07:00,2026-04-17T16:30:00-07:00,Room 28,5841922,1179384743,English (auto-generated),108495,66106,ok,2026-06-11T05:11:09.156064Z
Therapeutic Advances in ADCs,therapeutic-advances-in-adcs,,2026-04-19T15:30:00-07:00,2026-04-19T17:30:00-07:00,Hall H,5841868,1179383959,English (auto-generated),153787,83936,ok,2026-06-11T05:11:17.715813Z
Using Multiplex Assays of Variant Effects (MAVEs) in Clinical Oncology Practice,using-multiplex-assays-of-variant-effects-maves-in-clinical-oncology-practice,,2026-04-17T15:00:00-07:00,2026-04-17T16:30:00-07:00,Room 16,5842009,1179385281,English (auto-generated),132680,79593,ok,2026-06-11T05:11:24.562088Z
AACR Award for Outstanding Achievement in Basic Cancer Research,aacr-award-for-outstanding-achievement-in-basic-cancer-research,,2026-04-20T16:15:00-07:00,2026-04-20T17:00:00-07:00,Room 5,5844063,1179686893,English (auto-generated),59088,32798,ok,2026-06-11T05:11:32.605828Z
AACR Award for Outstanding Achievement in Blood Cancer Research,aacr-award-for-outstanding-achievement-in-blood-cancer-research,,2026-04-21T16:15:00-07:00,2026-04-21T17:00:00-07:00,Room 30,5845338,1179908164,English (auto-generated),71025,41585,ok,2026-06-11T05:11:38.971773Z
AACR Daniel D. Von Hoff Award for Outstanding Contributions to Education and Training in Cancer Research,aacr-daniel-d-von-hoff-award-for-outstanding-contributions-to-education-and-trai,,2026-04-21T16:00:00-07:00,2026-04-21T16:45:00-07:00,Room 29,5845341,1179908171,English (auto-generated),68920,41510,ok,2026-06-11T05:11:45.802121Z
AACR Margaret Foti Award for Leadership and Extraordinary Achievements in Cancer Research,aacr-margaret-foti-award-for-leadership-and-extraordinary-achievements-in-cancer,,2026-04-20T16:15:00-07:00,2026-04-20T17:00:00-07:00,Ballroom 6 A,5845340,1179908170,English (auto-generated),50768,29938,ok,2026-06-11T05:11:52.751079Z
AACR-ASCO Joint Session: Next Generation of CAR T-Cell Therapies,aacr-asco-joint-session-next-generation-of-car-t-cell-therapies,,2026-04-20T16:45:00-07:00,2026-04-20T18:15:00-07:00,Ballroom 6 CF,5841846,1179383910,English (auto-generated),130985,76536,ok,2026-06-11T05:11:59.776045Z
AACR-Princess Takamatsu Memorial Lectureship,aacr-princess-takamatsu-memorial-lectureship,,2026-04-19T16:30:00-07:00,2026-04-19T17:15:00-07:00,Ballroom 6 B,5845343,1179908172,English (auto-generated),76843,40898,ok,2026-06-11T05:12:06.392248Z
AACR-Waun Ki Hong Award for Outstanding Achievement in Translational and Clinical Cancer Research,aacr-waun-ki-hong-award-for-outstanding-achievement-in-translational-and-clinica,,2026-04-19T16:30:00-07:00,2026-04-19T17:15:00-07:00,Room 29,5845344,1179908173,English (auto-generated),84276,52421,ok,2026-06-11T05:12:12.921554Z
Discovery Science Plenary. The Next Frontier in Minimal Residual Disease: Solid Tumors,discovery-science-plenary-the-next-frontier-in-minimal-residual-disease-solid-tu,,2026-04-18T16:15:00-07:00,2026-04-18T18:15:00-07:00,Hall H,5841863,1179383949,English (auto-generated),180401,106404,ok,2026-06-11T05:12:20.864857Z
Extracellular Matrix Remodeling in the Tumor Microenvironment and Distant Niches,extracellular-matrix-remodeling-in-the-tumor-microenvironment-and-distant-niches,,2026-04-17T16:45:00-07:00,2026-04-17T18:15:00-07:00,Ballroom 20 CD,5841801,1179383839,English (auto-generated),117586,66089,ok,2026-06-11T05:12:27.751708Z
Foundation Models and Multimodal AI for Cancer Research,foundation-models-and-multimodal-ai-for-cancer-research,,2026-04-17T16:45:00-07:00,2026-04-17T18:15:00-07:00,Room 29,5842015,1179385340,English (auto-generated),115698,67477,ok,2026-06-11T05:12:35.518828Z
Implementation Science Approaches to Advancing Equitable Cancer Prevention and Control,implementation-science-approaches-to-advancing-equitable-cancer-prevention-and-c,,2026-04-17T16:45:00-07:00,2026-04-17T18:15:00-07:00,Room 28,5842018,1179385351,English (auto-generated),129919,76430,ok,2026-06-11T05:12:41.999531Z
Intratumoral Drug Responses,intratumoral-drug-responses,,2026-04-17T16:45:00-07:00,2026-04-17T18:15:00-07:00,Room 30,5842030,1179385451,English (auto-generated),99483,57520,ok,2026-06-11T05:12:48.657158Z
Leveraging NCI-supported Cancer Epidemiology Cohorts to Advance Cancer Prevention and Control,leveraging-nci-supported-cancer-epidemiology-cohorts-to-advance-cancer-preventio,,2026-04-20T16:00:00-07:00,2026-04-20T17:00:00-07:00,Room 2,5841931,1179384786,English (auto-generated),91332,52047,ok,2026-06-11T05:12:55.733176Z
Mechanisms of Resistance to Targeted and IO Therapies and Strategies for Overcoming Resistance,mechanisms-of-resistance-to-targeted-and-io-therapies-and-strategies-for-overcom,,2026-04-17T16:45:00-07:00,2026-04-17T18:15:00-07:00,Ballroom 20 AB,5841781,1179383812,English (auto-generated),117347,68298,ok,2026-06-11T05:13:02.135189Z
Modernizing Nonclinical Safety Assessment in Oncology Product Development: Current Progress and Future Directions,modernizing-nonclinical-safety-assessment-in-oncology-product-development-curren,,2026-04-19T16:45:00-07:00,2026-04-19T18:15:00-07:00,Room 1,5844066,1179686897,English (auto-generated),133075,77205,ok,2026-06-11T05:13:08.899736Z
NCI Funding of Extramural Cancer Biology Research,nci-funding-of-extramural-cancer-biology-research,,2026-04-21T16:00:00-07:00,2026-04-21T17:00:00-07:00,Room 2,5841906,1179384563,English (auto-generated),87818,49749,ok,2026-06-11T05:13:15.505843Z
NCI Opportunities in Technology Development for Cancer Research,nci-opportunities-in-technology-development-for-cancer-research,,2026-04-19T16:00:00-07:00,2026-04-19T17:00:00-07:00,Room 2,5841972,1179385095,English (auto-generated),94374,57255,ok,2026-06-11T05:13:22.056433Z
Power in Numbers: Leveraging Adult Data in Pediatric Cancer Drug Development,power-in-numbers-leveraging-adult-data-in-pediatric-cancer-drug-development,,2026-04-20T16:00:00-07:00,2026-04-20T17:30:00-07:00,Room 1,5841999,1179385222,English (auto-generated),130170,76471,ok,2026-06-11T05:13:28.517436Z
Taste and Smell in Cancer: Undervalued Drivers of Nutrition and Patient Impact,taste-and-smell-in-cancer-undervalued-drivers-of-nutrition-and-patient-impact,,2026-04-17T16:45:00-07:00,2026-04-17T18:15:00-07:00,Room 33,5842031,1179385486,English (auto-generated),135346,78809,ok,2026-06-11T05:13:36.100978Z
When Tumors Act Like Viruses: Mechanisms and Therapeutic Frontiers,when-tumors-act-like-viruses-mechanisms-and-therapeutic-frontiers,,2026-04-17T16:45:00-07:00,2026-04-17T18:15:00-07:00,Room 31,5841981,1179385150,English (auto-generated),142705,83642,ok,2026-06-11T05:13:42.690373Z
A. John Iafrate: Integrating Digital Pathology and Molecular Pathology for Next-Generation Cancer Diagnostics,a-john-iafrate-integrating-digital-pathology-and-molecular-pathology-for-next-ge,,2026-04-20T17:00:00-07:00,2026-04-20T17:45:00-07:00,Room 29,5842012,1179385320,English (auto-generated),95882,56146,ok,2026-06-11T05:13:48.756616Z
AACR Award for Outstanding Achievement in Chemistry in Cancer Research,aacr-award-for-outstanding-achievement-in-chemistry-in-cancer-research,,2026-04-20T17:15:00-07:00,2026-04-20T18:00:00-07:00,Ballroom 6 A,5845339,1179908169,English (auto-generated),63636,35386,ok,2026-06-11T05:13:56.214076Z
AACR-American Cancer Society Award for Research Excellence in Cancer Epidemiology and Prevention,aacr-american-cancer-society-award-for-research-excellence-in-cancer-epidemiolog,,2026-04-21T17:15:00-07:00,2026-04-21T18:00:00-07:00,Room 29,5845351,1179908182,English (auto-generated),75753,45823,ok,2026-06-11T05:14:02.478607Z
AACR-G.H.A. Clowes Award for Outstanding Basic Cancer Research,aacr-gha-clowes-award-for-outstanding-basic-cancer-research,,2026-04-20T17:30:00-07:00,2026-04-20T18:15:00-07:00,Room 5,5845345,1179908174,English (auto-generated),66185,39084,ok,2026-06-11T05:14:08.808661Z
AACR-Joseph H. Burchenal Award for Outstanding Achievement in Clinical Cancer Research,aacr-joseph-h-burchenal-award-for-outstanding-achievement-in-clinical-cancer-res,,2026-04-20T17:00:00-07:00,2026-04-20T17:45:00-07:00,Ballroom 6 DE,5845352,1179908183,English (auto-generated),85874,51429,ok,2026-06-11T05:14:16.897944Z
AACR-St. Baldrick’s Foundation Award for Outstanding Achievement in Pediatric Cancer Research,aacr-st-baldricks-foundation-award-for-outstanding-achievement-in-pediatric-canc,,2026-04-20T17:00:00-07:00,2026-04-20T17:45:00-07:00,Room 30,5845348,1179908178,English (auto-generated),82354,50884,ok,2026-06-11T05:14:23.616849Z
AI in Cancer Research and Care: What We’ve Learned and What Comes Next?,ai-in-cancer-research-and-care-what-weve-learned-and-what-comes-next,,2026-04-21T17:00:00-07:00,2026-04-21T18:30:00-07:00,Ballroom 20 CD,5841818,1179383863,English (auto-generated),137473,79658,ok,2026-06-11T05:14:30.968095Z
"Cell Therapy at a Crossroads: Exploring the Evolving Landscape between Autologous, Allogeneic, and In Vivo Engineering",cell-therapy-at-a-crossroads-exploring-the-evolving-landscape-between-autologous,,2026-04-21T17:00:00-07:00,2026-04-21T18:30:00-07:00,Ballroom 20 AB,5841795,1179383830,English (auto-generated),116616,67639,ok,2026-06-11T05:14:39.528569Z
Christopher R. Flowers: Applying Molecular Classifications to Therapy and Trials in Large B-Cell Lymphoma,christopher-r-flowers-applying-molecular-classifications-to-therapy-and-trials-i,,2026-04-21T17:00:00-07:00,2026-04-21T17:45:00-07:00,Room 5,5841995,1179385194,English (auto-generated),68207,42337,ok,2026-06-11T05:14:45.861055Z
Daniel SW Tan: Leveraging Novel Technologies to Delineate Therapeutic Resistance in Contemporary Clinical Trials,daniel-sw-tan-leveraging-novel-technologies-to-delineate-therapeutic-resistance-,,2026-04-21T17:00:00-07:00,2026-04-21T17:45:00-07:00,Room 31,5841953,1179384985,English (auto-generated),58965,31905,ok,2026-06-11T05:14:51.363959Z
Juanita L. Merchant: Granulocyte Reprogramming in Gastric Metaplasia and the Tumor Immune Microenvironment,juanita-l-merchant-granulocyte-reprogramming-in-gastric-metaplasia-and-the-tumor,,2026-04-20T17:00:00-07:00,2026-04-20T17:45:00-07:00,Room 28,5841921,1179384725,English (auto-generated),66777,35727,ok,2026-06-11T05:14:57.953588Z
Kurt Schalper: Correcting Altered Tumor-Immune Cell Interactions for Anti-Cancer Treatment,kurt-schalper-correcting-altered-tumor-immune-cell-interactions-for-anti-cancer-,,2026-04-21T17:00:00-07:00,2026-04-21T17:45:00-07:00,Ballroom 6 B,5841836,1179383891,English (auto-generated),75791,47086,ok,2026-06-11T05:15:04.481131Z
Leveraging Novel Technologies and Knowledge Bases to Optimize Success in Clinical Trials,leveraging-novel-technologies-and-knowledge-bases-to-optimize-success-in-clinica,,2026-04-21T17:00:00-07:00,2026-04-21T18:30:00-07:00,Ballroom 6 A,5841821,1179383868,English (auto-generated),120066,70225,ok,2026-06-11T05:15:11.841784Z
Maria Blasco: Targeting Telomeres in Cancer,maria-blasco-targeting-telomeres-in-cancer,,2026-04-21T17:00:00-07:00,2026-04-21T17:45:00-07:00,Ballroom 6 DE,5841861,1179383945,English (auto-generated),68124,38369,ok,2026-06-11T05:15:17.930927Z
Multicancer Early Detection (MCED): Where We Are and How We Realize the Hope,multicancer-early-detection-mced-where-we-are-and-how-we-realize-the-hope,,2026-04-21T17:00:00-07:00,2026-04-21T18:30:00-07:00,Ballroom 6 CF,5841851,1179383919,English (auto-generated),137279,79482,ok,2026-06-11T05:15:27.318768Z
"Pharma, Biotech, and Academia: Advancing Drug Discovery and Development in an AI World",pharma-biotech-and-academia-advancing-drug-discovery-and-development-in-an-ai-wo,,2026-04-20T17:00:00-07:00,2026-04-20T18:30:00-07:00,Ballroom 6 B,5841820,1179383867,English (auto-generated),150492,93343,ok,2026-06-11T05:15:35.045856Z
Presidential Address: Mapping the Molecular Landscape of Head and Neck Cancer to Inform Pan-Tumor Targeting,presidential-address-mapping-the-molecular-landscape-of-head-and-neck-cancer-to-,,2026-04-19T17:30:00-07:00,2026-04-19T18:15:00-07:00,Ballroom 20 CD,5841805,1179383844,English (auto-generated),61448,37293,ok,2026-06-11T05:15:42.243938Z
Reducing Research Friction: How Scientists and Survivors Can Accelerate Progress,reducing-research-friction-how-scientists-and-survivors-can-accelerate-progress,,2026-04-21T17:00:00-07:00,2026-04-21T18:30:00-07:00,Room 33,5841944,1179384926,English (auto-generated),120163,68903,ok,2026-06-11T05:15:49.433654Z
Science of Community Outreach and Engagement: Navigating Change and Maintaining Impact,science-of-community-outreach-and-engagement-navigating-change-and-maintaining-i,,2026-04-20T17:00:00-07:00,2026-04-20T18:30:00-07:00,Room 31,5841966,1179385086,English (auto-generated),147464,89415,ok,2026-06-11T05:15:58.036321Z
The Making of Cancer: From Cellular Events to Systemic Disease—Breakthrough Discoveries from Cancer Grand Challenges,the-making-of-cancer-from-cellular-events-to-systemic-diseasebreakthrough-discov,,2026-04-20T17:00:00-07:00,2026-04-20T19:00:00-07:00,Room 11,5841896,1179384449,English (auto-generated),174718,100865,ok,2026-06-11T05:16:05.137989Z
